2018-03-26 19:28:38,RT @gtcomputing: You may notice some colorful new additions in the CCB main stairwell! The College commissioned Atlanta artist @barrrylee t…
2018-03-26 19:08:58,RT @gtcomputing: You may notice some colorful new additions in the CCB main stairwell! The College commissioned Atlanta artist @barrrylee t…
2018-03-26 19:08:11,You may notice some colorful new additions in the CCB main stairwell! The College commissioned Atlanta artist… https://t.co/aKj0MIt2Mp
2018-03-26 01:27:29,"RT @gtcomputing: It's not all about rankings, it's about people. Many, many thanks to our students, alumni, faculty, research scientists, i…"
2018-03-23 22:58:30,RT @gtcomputing: What's new this week at #GTComputing? #TheCompiler https://t.co/nnLAbhqGRl https://t.co/0Mxlm1hqEE
2018-03-23 19:26:45,RT @gtcomputing: What's new this week at #GTComputing? #TheCompiler https://t.co/nnLAbhqGRl https://t.co/0Mxlm1hqEE
2018-03-23 19:15:37,What's new this week at #GTComputing? #TheCompiler https://t.co/nnLAbhqGRl https://t.co/0Mxlm1hqEE
2018-03-22 14:38:55,"RT @gtcomputing: It's not all about rankings, it's about people. Many, many thanks to our students, alumni, faculty, research scientists, i…"
2018-03-22 01:34:05,RT @GTCSE: Georgia Tech is now ranked 8th in computer science and 8th in engineering according to the U.S. News &amp; World Report 2019 Best Gr…
2018-03-21 19:25:17,"#Highered/#onlinelearning … delivering a high-quality, low-cost degree at scale @gtcomputing @GeorgiaTech OMS CS, w… https://t.co/M08MSYGNNq"
2018-03-21 10:49:56,"RT @gtcomputing: It's not all about rankings, it's about people. Many, many thanks to our students, alumni, faculty, research scientists, i…"
2018-03-21 02:49:08,"RT @gtcomputing: It's not all about rankings, it's about people. Many, many thanks to our students, alumni, faculty, research scientists, i…"
2018-03-21 02:34:11,"RT @gtcomputing: It's not all about rankings, it's about people. Many, many thanks to our students, alumni, faculty, research scientists, i…"
2018-03-21 02:33:43,"It's not all about rankings, it's about people. Many, many thanks to our students, alumni, faculty, research scient… https://t.co/kBRIJsLfZQ"
2018-03-20 20:41:11,RT @GTCSE: Georgia Tech is now ranked 8th in computer science and 8th in engineering according to the U.S. News &amp; World Report 2019 Best Gr…
2018-03-20 18:09:33,RT @GTCSE: Georgia Tech is now ranked 8th in computer science and 8th in engineering according to the U.S. News &amp; World Report 2019 Best Gr…
2018-03-20 17:10:45,RT @GTCSE: Georgia Tech is now ranked 8th in computer science and 8th in engineering according to the U.S. News &amp; World Report 2019 Best Gr…
2018-03-20 15:16:53,RT @GTCSE: Georgia Tech is now ranked 8th in computer science and 8th in engineering according to the U.S. News &amp; World Report 2019 Best Gr…
2018-03-20 14:12:08,RT @GTCSE: Georgia Tech is now ranked 8th in computer science and 8th in engineering according to the U.S. News &amp; World Report 2019 Best Gr…
2018-03-20 13:41:57,Georgia Tech is now ranked 8th in computer science and 8th in engineering according to the U.S. News &amp; World Report… https://t.co/CUrVkCmUpj
2018-03-17 23:32:50,RT @gtcomputing: Did you know that #GTComputing is leading the way in education innovation? https://t.co/WK6mp4G5D4
2018-03-16 16:03:41,What's new this week at #GTComputing? #TheCompiler https://t.co/uslm3g1YZl https://t.co/4kN713fIeC
